id_trim,Make,Model,Serie,Trim,Body type,The length of the car [mm],The width of the car [mm],The height of the car [mm],Wheelbase [mm],Ground clearance [mm],Front track [mm],Rear track [mm],Potencia [cm3],Engine power [bhp],With turnover [min-1],Torque [Nm],Engine type,Arrangement of cylinders,Number of cylinders,Compression ratio,Fuel,Pressurization,Engine power at rpm [min-1],Torque at rpm [min-1],The volume of the engine at rpm [min-1],If the rpm with rpm [min-1],Engine model,Environmental standard,The number of valves per cylinder,Number of gear (mechanical gearbox),Drive wheels,Number of gears (automatic transmission),Maximum speed [km/h],Fuel consumption mixed cycle [l/100 km],Acceleration to 100 km/h [c],Fuel tank capacity [litre],Acceleration time to 60 km/h [c],Payload [kg],Number of places,Length of cargo area (platform) [mm],Width the cargo compartment (platform) [mm],The height of the cargo compartment (sides of the platform) [mm],The volume of the cargo compartment [m3],"Rims, the dimension",Tyre dimension,Total weight with trailer [kg],Curb vehicle weight [kg],Gross vehicle weight [kg],Servo,Diam`etre de braquage [m],Type steering,Type rear suspension,Type front suspension,Front brake,Rear brake
108292,Mercedes-Benz,100,100 Bus (631),D (56 Hp),,,,,,,,,,,,,,,,,,,,,,,,,,,,,,,,,,,,,,,,,,,,,,,,,,,
108293,Mercedes-Benz,100,100 van (631),D (72 Hp),,,,,,,,,,,,,,,,,,,,,,,,,,,,,,,,,,,,,,,,,,,,,,,,,,,
75408,Mercedes-Benz,Citan,Citan,108 CDI (75Hp),Delivery vans,4321,1829,1809,2697,,,,1461,75,1750-2500,180,Disel,inline,4,,Diesel fuel,turbine,4000,1750-2500,,,,,2,5,Front wheel drive,,,4.8,,60,,760,2,,,,3.1,,195/65 R15,,1290,1950,,,,,"Independent, MacPherson type on the lower triangular levers",,
75409,Mercedes-Benz,Citan,Citan,109 CDI (90Hp),Delivery vans,4321,1829,1809,2697,,,,1461,90,1750-3000,200,Disel,inline,4,,Diesel fuel,turbine,4000,1750-3000,,,,,2,5,Front wheel drive,,,4.8,,60,,760,2,,,,3.1,,195/65 R15,,1290,1950,,,,,"Independent, MacPherson type on the lower triangular levers",,
75410,Mercedes-Benz,Citan,Citan,111 CDI (110Hp),Delivery vans,4321,1829,1809,2697,,,,1461,110,1750-2750,240,Disel,inline,4,,Diesel fuel,turbine,4000,1750-2750,,,,,2,6,Front wheel drive,,,4.8,,60,,760,2,,,,3.1,,195/65 R15,,1290,1950,,,,,"Independent, MacPherson type on the lower triangular levers",,
75406,Mercedes-Benz,Citan,Citan Mixto,109 CDI (75Hp),Minibus,4705,,,,,,,1461,75,1750-2500,180,Disel,inline,4,,Diesel fuel,turbine,4000,1750-2500,,,,,2,,Front wheel drive,,,4.7,,,,660,,,,,,,,,1520,3250,,,,,,ventilated disc,Disc
75407,Mercedes-Benz,Citan,Citan Mixto,111 CDI (110 Hp),Minibus,4705,,,,,,,1461,110,1750-2750,240,Disel,inline,4,,Diesel fuel,turbine,4000,1750-2750,,,,,2,6,Front wheel drive,,,4.7,,,,660,,,,,,,,,1520,3250,,,,,,ventilated disc,Disc
74505,Mercedes-Benz,Henschel,Henschel 2t Bus,206 D 2.2 (60 Hp),Minibus,4480,1820,2200,2400,,1450,1450,2200,60,,,Disel,,4,,Diesel fuel,,,,,,"OM 615,917",,,,,,,,,,,1000,,,,,,,175 R14 C,,1800,2800,,,,,,,
74506,Mercedes-Benz,Henschel,Henschel 2t Bus,207 1.8 (69 Hp),Minibus,4480,1820,2200,2400,,1450,1450,1798,69,2800,127.5,Gasoline,inline,4,8,,,,,,,A 70NV,,,,,,107,,,,,1000,,,,,,,175 R14 C,,1800,2800,,,,,,,
74426,Mercedes-Benz,Sprinter,Sprinter 2t Bus,208 CDI,Minibus,4890,1922,2350,3000,,,,2151,82,1400-2600,200,0,inline,4,19,Diesel fuel,turbine,3800,1400-2600,,,,EURO III,4,5,Rear wheel drive,,119,10.7,,76,,795,,,,,4.8,,,,1795,2590,Hydraulic booster,5.6,,,,Disc,Disc
74427,Mercedes-Benz,Sprinter,Sprinter 2t Bus,208 D,Minibus,4835,1933,2335,3000,,,,2299,79,,,0,inline,4,,Diesel fuel,,,,,,,,4,5,Rear wheel drive,,119,10.7,,76,,795,7,,,,4.8,51/2jx 15,195/70 R15,,1795,2590,Hydraulic booster,5.6,,,,Disc,Disc
74428,Mercedes-Benz,Sprinter,Sprinter 2t Bus,210 D,Minibus,4890,1922,2570,3000,,,,2874,102,,,0,inline,,,Diesel fuel,,,,,,,,,5,Rear wheel drive,,120,9.8,,76,,1000,,,,,7,,185/75 R14,,1800,2800,Hydraulic booster,,,,,Disc,Disc
74429,Mercedes-Benz,Sprinter,Sprinter 2t Bus,211 CDI,Minibus,4890,1922,2570,3000,,,,2148,109,1400-2400,270,0,inline,4,18,Diesel fuel,turbine,3800,1400-2400,,,,,4,,Rear wheel drive,,145,9.8,,76,,1000,,,,,7,,,,1800,2800,Hydraulic booster,,,,,Disc,Disc
74430,Mercedes-Benz,Sprinter,Sprinter 2t Bus,212 D,Minibus,4835,1933,2335,3000,,,,2151,122,1800,300,Disel,inline,4,,Diesel fuel,turbine,3800,1800,,,,,4,,Rear wheel drive,,145,9.8,,76,,1000,7,,,,7,51/2jx 15,195/70 R15,,1800,2800,Hydraulic booster,,,,,Disc,Disc
74431,Mercedes-Benz,Sprinter,Sprinter 2t Bus,213 CDI,Minibus,4890,1922,2570,3000,,,,2148,129,1600-2400,300,0,inline,4,19,Diesel fuel,turbine,3800,1600-2400,,,OM 611 DE22LA,EURO III,4,5,Rear wheel drive,,145,,,,,1000,,,,,,,,,1800,2800,Hydraulic booster,,,,,Disc,Disc
74432,Mercedes-Benz,Sprinter,Sprinter 2t Bus,214,Minibus,4835,1933,2335,3000,,,,2295,143,3200-4700,215,,inline,4,,95 RON,,5000,3200-4700,,,M111E23,EURO III,4,5,Rear wheel drive,,160,,,76,,1000,7,,,,,51/2jx 15,195/70 R15,,1800,2800,Hydraulic booster,,,,,Disc,Disc
74433,Mercedes-Benz,Sprinter,Sprinter 2t Bus,214 NGT,Minibus,4890,1922,2345,3000,,,,2295,143,3200-4700,215,,inline,4,,95 RON,,5000,3200-4700,,,M111E23,EURO III,4,5,Rear wheel drive,,160,,,76,,1000,,,,,,,,,1800,2800,Hydraulic booster,,,,,Disc,Disc
74434,Mercedes-Benz,Sprinter,Sprinter 2t Bus,216 CDI,Minibus,5640,1922,2570,3550,,,,2686,156,1400-2400,330,0,inline,5,18,Diesel fuel,turbine,3800,1400-2400,,,OM 612 DELA,EURO III,4,5,Rear wheel drive,,150,,,76,,876,,,,,,,,,1924,2800,Hydraulic booster,,,,,Disc,Disc
74440,Mercedes-Benz,Sprinter,Sprinter 2t truck/chassis (602),208 CDI,Chassis,5070,1990,2135,3000,,,,2151,82,1400-2600,200,0,inline,4,19,Diesel fuel,turbine,3800,1400-2600,,,,EURO III,4,5,Rear wheel drive,,145,,,76,,1260,,,,,4.8,,,,1390,2590,Hydraulic booster,5.6,,,,Disc,Disc
74441,Mercedes-Benz,Sprinter,Sprinter 2t truck/chassis (602),208 D,Chassis,4835,1933,2335,3000,,,,2299,79,,,0,inline,4,,Diesel fuel,,,,,,,,4,5,Rear wheel drive,,119,10.7,,76,,795,,,,,4.8,51/2jx 15,195/70 R15,,1795,2590,Hydraulic booster,5.6,,,,Disc,Disc
74442,Mercedes-Benz,Sprinter,Sprinter 2t truck/chassis (602),211 CDI,Chassis,5070,1990,2175,3000,,,,2148,109,1400-2400,270,0,inline,4,18,Diesel fuel,turbine,3800,1400-2400,,,,,4,5,Rear wheel drive,,145,9.8,,76,,1290,,,,,7,,,,1400,2800,Hydraulic booster,,,,,Disc,Disc
74443,Mercedes-Benz,Sprinter,Sprinter 2t truck/chassis (602),212 D,Chassis,4835,1933,2335,3000,,,,2148,122,,,0,inline,,,Diesel fuel,-,,,,,,,,,Rear wheel drive,,145,9.8,,76,,1000,7,,,,7,51/2jx 15,195/70 R15,,1800,2800,Hydraulic booster,,,,,Disc,Disc
74444,Mercedes-Benz,Sprinter,Sprinter 2t truck/chassis (602),213 CDI,Delivery vans,5070,1990,2135,3000,,,,2148,129,1600-2400,300,0,inline,4,19,Diesel fuel,turbine,3800,1600-2400,,,OM 611 DE22LA,EURO III,4,5,Rear wheel drive,,145,,,,,1335,,,,,,,,,1800,2800,Hydraulic booster,,,,,Disc,Disc
74445,Mercedes-Benz,Sprinter,Sprinter 2t truck/chassis (602),214,Chassis,4835,1933,2335,3000,,,,2295,143,3200-4700,215,,inline,4,,95 RON,,5000,3200-4700,,,M111E23,EURO III,4,5,Rear wheel drive,,160,,,,,1000,7,,,,,51/2jx 15,195/70 R15,,1800,2800,Hydraulic booster,,,,,Disc,Disc
74446,Mercedes-Benz,Sprinter,Sprinter 2t truck/chassis (602),216 CDI,Chassis,5640,1990,2135,3550,,,,2686,156,1400-2400,330,0,inline,5,18,Diesel fuel,turbine,3800,1400-2400,,,OM 612 DELA,EURO III,4,5,Rear wheel drive,,150,,,76,,876,,,,,,,,,1924,2800,Hydraulic booster,,,,,Disc,Disc
74435,Mercedes-Benz,Sprinter,Sprinter 2t van,208 CDI,Delivery vans,4890,1922,2350,3000,,,,2151,82,1400-2600,200,0,inline,4,19,Diesel fuel,turbine,3800,1400-2600,,,,EURO III,4,5,Rear wheel drive,,119,10.7,,76,,795,,,,,4.8,,,,1795,2590,Hydraulic booster,5.6,,,,Disc,Disc
74436,Mercedes-Benz,Sprinter,Sprinter 2t van,211 CDI,Delivery vans,4890,1922,2570,3000,,,,2148,109,1400-2400,270,0,inline,4,18,Diesel fuel,turbine,3800,1400-2400,,,,,4,,Rear wheel drive,,145,9.8,,76,,1000,,,,,7,,,,1800,2800,Hydraulic booster,,,,,Disc,Disc
74437,Mercedes-Benz,Sprinter,Sprinter 2t van,213 CDI,Delivery vans,4890,1922,2570,3000,,,,2148,129,1600-2400,300,0,inline,4,19,Diesel fuel,turbine,3800,1600-2400,,,OM 611 DE22LA,EURO III,4,5,Rear wheel drive,,145,,,,,1000,,,,,,,,,1800,2800,Hydraulic booster,,,,,Disc,Disc
74438,Mercedes-Benz,Sprinter,Sprinter 2t van,214,Delivery vans,4890,1922,2345,3000,,,,2295,143,3200-4700,215,,inline,4,,95 RON,,5000,3200-4700,,,M111E23,EURO III,4,5,Rear wheel drive,,160,,,,,1000,,,,,,,,,1800,2800,Hydraulic booster,,,,,Disc,Disc
74439,Mercedes-Benz,Sprinter,Sprinter 2t van,216 CDI,Delivery vans,5640,1922,2570,3550,,,,2686,156,1400-2400,330,0,inline,5,18,Diesel fuel,turbine,3800,1400-2400,,,OM 612 DELA,EURO III,4,5,Rear wheel drive,,150,,,76,,876,,,,,,,,,1924,2800,Hydraulic booster,,,,,Disc,Disc
74447,Mercedes-Benz,Sprinter,Sprinter 3t Bus,308 CDI,Minibus,4890,1922,2350,3000,,,,2151,82,1400-2600,200,0,inline,4,19,Diesel fuel,turbine,3800,1400-2600,,,,EURO III,4,5,Rear wheel drive,,119,10.7,,76,,1650,,,,,4.8,,,,1850,3500,Hydraulic booster,5.6,,,,Disc,Disc
74448,Mercedes-Benz,Sprinter,Sprinter 3t Bus,311 CDI,Minibus,5640,1933,2570,3550,,,,2148,109,1400-2400,270,0,inline,4,18,Diesel fuel,turbine,3800,1400-2400,,,,,4,5,Rear wheel drive,,145,9.8,,76,,1550,,,,,10.4,,,,1945,3500,Hydraulic booster,,,,,Disc,Disc
74449,Mercedes-Benz,Sprinter,Sprinter 3t Bus,311CDI 4x4,Minibus,5640,1933,2570,3550,,,,2148,109,1400-2400,270,0,inline,4,18,Diesel fuel,turbine,3800,1400-2400,,,,,4,5,Permanent all-wheel drive,,145,9.8,,76,,1550,,,,,10.4,,,,1945,3500,Hydraulic booster,,,,,Disc,Disc
74450,Mercedes-Benz,Sprinter,Sprinter 3t Bus,313 CDI,Minibus,4890,1922,2570,3000,,,,2148,129,1600-2400,300,0,inline,4,19,Diesel fuel,turbine,3800,1600-2400,,,OM 611 DE22LA,EURO III,4,5,Rear wheel drive,,145,,,,,1650,,,,,,,,,1850,3500,Hydraulic booster,,,,,Disc,Disc
74451,Mercedes-Benz,Sprinter,Sprinter 3t Bus,314,Minibus,4890,1922,2570,3000,,,,2295,143,3200-4700,215,,inline,4,,95 RON,,5000,3200-4700,,,M111E23,EURO III,4,5,Rear wheel drive,,160,,,,,1650,7,,,,,6jx 15,225/70R16,,1850,3500,Hydraulic booster,,,,,Disc,Disc
74452,Mercedes-Benz,Sprinter,Sprinter 3t Bus,315 CDI,Minibus,5300,1901,1903,3665,,1630,1630,2148,150,1800,330,0,inline,,18,Diesel fuel,turbine,3800,1800,,,,,4,6,Rear wheel drive,5,,,,75,,,9,,,,,,,,2100,,,,,Transverse stabilizer,Control arm,Disc,Disc
74453,Mercedes-Benz,Sprinter,Sprinter 3t Bus,316 CDI,Minibus,6590,1933,2570,4025,,,,2686,156,1400-2400,330,0,inline,5,18,Diesel fuel,turbine,3800,1400-2400,,,OM 612 DELA,EURO III,4,5,Rear wheel drive,,150,,,76,,1675,,,,,,,,,2125,3500,Hydraulic booster,,,,,Disc,Disc
74463,Mercedes-Benz,Sprinter,Sprinter 3t truck/chassis,308 CDI,Chassis,5070,1990,2160,3000,,,,2151,82,1400-2600,200,0,inline,4,19,Diesel fuel,turbine,3800,1400-2600,,,,EURO III,4,5,Rear wheel drive,,119,10.7,,76,,1700,,,,,,,,,1800,3500,Hydraulic booster,5.6,,,,Disc,Disc
74464,Mercedes-Benz,Sprinter,Sprinter 3t truck/chassis,311 CDI,Chassis,5620,1990,2135,3550,,,,2148,109,1400-2400,270,0,inline,4,18,Diesel fuel,turbine,3800,1400-2400,,,,,4,5,Rear wheel drive,,145,9.8,,76,,1600,,,,,,,,,1845,3500,Hydraulic booster,12.8,,,,Disc,Disc
74465,Mercedes-Benz,Sprinter,Sprinter 3t truck/chassis,313 CDI,Chassis,5070,1990,2135,3000,,,,2148,129,1600-2400,300,0,inline,4,19,Diesel fuel,turbine,3800,1600-2400,,,OM 611 DE22LA,EURO III,4,5,Rear wheel drive,,145,,,,,1600,,,,,,,,,1845,3500,Hydraulic booster,,,,,Disc,Disc
74466,Mercedes-Benz,Sprinter,Sprinter 3t truck/chassis,314,Chassis,5070,1990,2160,3000,,,,2295,143,3200-4700,215,,inline,4,,95 RON,,5000,3200-4700,,,M111E23,EURO III,4,5,Rear wheel drive,,160,,,,,1550,,,,,,,,,1845,3500,Hydraulic booster,,,,,Disc,Disc
74467,Mercedes-Benz,Sprinter,Sprinter 3t truck/chassis,316 CDI,Chassis,6425,1990,2145,4025,,,,2686,156,1400-2400,330,0,inline,5,18,Diesel fuel,turbine,3800,1400-2400,,,OM 612 DELA,EURO III,4,5,Rear wheel drive,,150,,,76,,1500,,,,,,,,,1900,3500,Hydraulic booster,,,,,Disc,Disc
74454,Mercedes-Benz,Sprinter,Sprinter 3t van,308 CDI,Delivery vans,4890,1922,2350,3000,,,,2151,82,1400-2600,200,0,inline,4,19,Diesel fuel,turbine,3800,1400-2600,,,,EURO III,4,5,Rear wheel drive,,119,10.7,,76,,1650,,,,,4.8,,,,1850,3500,Hydraulic booster,5.6,,,,Disc,Disc
74455,Mercedes-Benz,Sprinter,Sprinter 3t van,311 CDI,Delivery vans,5640,1933,2570,3550,,,,2148,109,1400-2400,270,0,inline,4,18,Diesel fuel,turbine,3800,1400-2400,,,,,4,5,Rear wheel drive,,145,9.8,,76,,1550,,,,,10.4,,,,1945,3500,Hydraulic booster,,,,,Disc,Disc
74456,Mercedes-Benz,Sprinter,Sprinter 3t van,312 D,Delivery vans,,,,3550,,,,2148,122,,,0,inline,,,Diesel fuel,-,,,,,,,,5,Rear wheel drive,,,,,,,,,,,,,,,,,,,,,,,,
74457,Mercedes-Benz,Sprinter,Sprinter 3t van,313 CDI,Delivery vans,4890,1922,2570,3000,,,,2148,129,1600-2400,300,0,inline,4,19,Diesel fuel,turbine,3800,1600-2400,,,OM 611 DE22LA,EURO III,4,5,Rear wheel drive,,145,,,,,1650,,,,,,,,,1850,3500,Hydraulic booster,,,,,Disc,Disc
74458,Mercedes-Benz,Sprinter,Sprinter 3t van,314,Delivery vans,4890,1922,2570,3000,,,,2295,143,3200-4700,215,,inline,4,,95 RON,,5000,3200-4700,,,M111E23,EURO III,4,5,Rear wheel drive,,160,,,,,1650,,,,,,,,,1850,3500,Hydraulic booster,,,,,Disc,Disc
74459,Mercedes-Benz,Sprinter,Sprinter 3t van,316 CDI,Delivery vans,6590,1933,2570,4025,,,,2686,156,1400-2400,330,0,inline,5,18,Diesel fuel,turbine,3800,1400-2400,,,OM 612 DELA,EURO III,4,5,Rear wheel drive,,150,,,76,,1675,,,,,,,,,2125,3500,Hydraulic booster,,,,,Disc,Disc
74460,Mercedes-Benz,Sprinter,Sprinter 3t van,319 CDI 4WD,Delivery vans,6945,1993,3055,4325,,,,2987,190,2600,440,Disel,V-type,6,,Diesel fuel,turbine,3800,2600,,,,,4,6,All wheel drive (AWD),5,,10.1,,76,,1675,,,,,,,,,2125,3500,Hydraulic booster,,,,,Disc,Disc
74461,Mercedes-Benz,Sprinter,Sprinter 3t van,319 CDI LWB,Delivery vans,7345,1993,2820,4325,,,,2987,190,2600,440,Disel,V-type,6,,Diesel fuel,turbine,3800,2600,,,,,4,6,Rear wheel drive,5,,10.3,,76,,,3,,,,,,,,2125,3500,Hydraulic booster,,,,,Disc,Disc
74462,Mercedes-Benz,Sprinter,Sprinter 3t van,319 CDI SWB,Delivery vans,6945,1993,3055,4325,,,,2987,190,2600,440,Disel,V-type,6,,Diesel fuel,turbine,3800,2600,,,,,4,6,Rear wheel drive,5,,10.1,,76,,1675,,,,,,,,,2125,3500,Hydraulic booster,,,,,Disc,Disc
74478,Mercedes-Benz,Sprinter,Sprinter 4t Bus,408 CDI,Minibus,5640,1994,2345,3550,,,,2151,82,1400-2600,200,0,inline,4,19,Diesel fuel,turbine,3800,1400-2600,,,,EURO III,4,5,Rear wheel drive,,119,,,76,,2490,,,,,,,,,2110,4600,Hydraulic booster,12.8,,,,Disc,Disc
74479,Mercedes-Benz,Sprinter,Sprinter 4t Bus,411 CDI,Minibus,6590,1933,2570,4025,,,,2148,109,1400-2400,270,0,inline,4,18,Diesel fuel,turbine,3800,1400-2400,,,,,4,5,Rear wheel drive,,145,,,76,,2490,,,,,,,,,2110,4600,Hydraulic booster,14.2,,,,Disc,Disc
74480,Mercedes-Benz,Sprinter,Sprinter 4t Bus,413 CDI,Minibus,6590,1994,2610,4025,,,,2148,129,1600-2400,300,0,inline,4,19,Diesel fuel,turbine,3800,1600-2400,,,OM 611 DE22LA,EURO III,4,5,Rear wheel drive,,143,11,,,,2000,18,,,,,,195/70 R15,,2600,4600,,,,,,Disc,Disc
74481,Mercedes-Benz,Sprinter,Sprinter 4t Bus,414,Minibus,5640,1994,2345,3550,,,,2295,143,3200-4700,215,,inline,4,,95 RON,,5000,3200-4700,,,M111E23,EURO III,4,5,Rear wheel drive,,160,,,,,2500,,,,,,,,,2100,4600,Hydraulic booster,12.8,,,,Disc,Disc
74482,Mercedes-Benz,Sprinter,Sprinter 4t Bus,416 CDI,Minibus,6590,1933,2570,4025,,,,2686,156,1400-2400,330,0,inline,5,18,Diesel fuel,turbine,3800,1400-2400,,,OM 612 DELA,EURO III,4,5,Rear wheel drive,,150,,,76,,2285,,,,,,,,,2315,4600,Hydraulic booster,14.4,,,,Disc,Disc
74468,Mercedes-Benz,Sprinter,Sprinter 4t truck/chassis,408 CDI,Chassis,5620,1990,2135,3550,,,,2151,82,1400-2600,200,0,inline,4,19,Diesel fuel,turbine,3800,1400-2600,,,,EURO III,4,5,Rear wheel drive,,119,,,76,,2720,,,,,,,,,1900,4600,Hydraulic booster,12.8,,,,Disc,Disc
74469,Mercedes-Benz,Sprinter,Sprinter 4t truck/chassis,411 CDI,Chassis,6425,1990,2145,4025,,,,2148,109,1400-2400,270,0,inline,4,18,Diesel fuel,turbine,3800,1400-2400,,,,,4,5,Rear wheel drive,,145,,,76,,2680,,,,,,,,,2000,4600,Hydraulic booster,14.2,,,,Disc,Disc
74470,Mercedes-Benz,Sprinter,Sprinter 4t truck/chassis,413 CDI,Chassis,6425,1990,2145,4025,,,,2148,129,1600-2400,300,0,inline,4,19,Diesel fuel,turbine,3800,1600-2400,,,OM 611 DE22LA,EURO III,4,5,Rear wheel drive,,145,,,,,2690,,,,,,,,,2100,4600,Hydraulic booster,14.4,,,,Disc,Disc
74471,Mercedes-Benz,Sprinter,Sprinter 4t truck/chassis,414,Chassis,5620,1990,2135,3550,,,,2295,143,3200-4700,215,,inline,4,,95 RON,,5000,3200-4700,,,M111E23,EURO III,4,5,Rear wheel drive,,160,,,,,2695,,,,,,,,,2100,4600,Hydraulic booster,12.8,,,,Disc,Disc
74472,Mercedes-Benz,Sprinter,Sprinter 4t truck/chassis,416 CDI,Chassis,6425,1990,2145,4025,,,,2686,156,1400-2400,330,0,inline,5,18,Diesel fuel,turbine,3800,1400-2400,,,OM 612 DELA,EURO III,4,5,Rear wheel drive,,150,,,76,,2300,,,,,,,,,2300,4600,Hydraulic booster,14.4,,,,Disc,Disc
74473,Mercedes-Benz,Sprinter,Sprinter 4t van,408 CDI,Delivery vans,5640,1994,2345,3550,,,,2151,82,1400-2600,200,0,inline,4,19,Diesel fuel,turbine,3800,1400-2600,,,,EURO III,4,5,Rear wheel drive,,119,,,76,,2490,,,,,,,,,2110,4600,Hydraulic booster,12.8,,,,Disc,Disc
74474,Mercedes-Benz,Sprinter,Sprinter 4t van,411 CDI,Delivery vans,6590,1933,2570,4025,,,,2148,109,1400-2400,270,0,inline,4,18,Diesel fuel,turbine,3800,1400-2400,,,,,4,5,Rear wheel drive,,145,,,76,,2490,,,,,,,,,2110,4600,Hydraulic booster,14.2,,,,Disc,Disc
74475,Mercedes-Benz,Sprinter,Sprinter 4t van,413 CDI,Delivery vans,6590,1933,2570,4025,,,,2148,129,1600-2400,300,0,inline,4,19,Diesel fuel,turbine,3800,1600-2400,,,OM 611 DE22LA,EURO III,4,5,Rear wheel drive,,145,,,,,2490,,,,,,,,,2110,4600,Hydraulic booster,14.4,,,,Disc,Disc
74476,Mercedes-Benz,Sprinter,Sprinter 4t van,414,Delivery vans,5640,1994,2345,3550,,,,2295,143,3200-4700,215,,inline,4,,95 RON,,5000,3200-4700,,,M111E23,EURO III,4,5,Rear wheel drive,,160,,,,,2500,,,,,,,,,2100,4600,Hydraulic booster,12.8,,,,Disc,Disc
74477,Mercedes-Benz,Sprinter,Sprinter 4t van,416 D,Delivery vans,6590,1933,2570,4025,,,,2686,156,1400-2400,330,0,inline,5,18,Diesel fuel,turbine,3800,1400-2400,,,OM 612 DELA,EURO III,4,5,Rear wheel drive,,150,,,76,,2285,,,,,,,,,2315,4600,Hydraulic booster,14.4,,,,Disc,Disc
74483,Mercedes-Benz,Sprinter,Sprinter 5T,515,,6680,1990,2440,3665,,,,2148,150,1800,330,Disel,inline,4,18,Diesel fuel,turbine,3800,1800,,,,,4,,,,,,,,,,,,,,,,,,,,,,,,,,
74425,Mercedes-Benz,Sprinter,Sprinter 6t truck/chassis,518,Chassis,5305,1990,1365,,,,,2987,184,1700,400,Disel,V-type,6,,Diesel fuel,turbine,3800,1700,,,,EURO III,4,,Rear wheel drive,,,,,,,,,,,,,,,,,3500,,,,,,,
75415,Mercedes-Benz,T1,T1 Bus (601),207 D 2.4,Minibus,,,,,,,,2404,65,,,Disel,,4,,Diesel fuel,,,,,,,,2,,,,,,,,,,,,,,,,,,,,,,,,,,
75416,Mercedes-Benz,T1,T1 Bus (601),207 D 2.4,,,,,,,,,2874,95,,,Disel,,5,,Diesel fuel,,,,,,,,2,,,,,,,,,,,,,,,,,,,,,,,,,,
75417,Mercedes-Benz,T1,T1 Bus (601),208 2.3,Minibus,4835,1933,2335,3000,,,,2299,79,,,0,inline,4,,Diesel fuel,,,,,,,,4,5,Rear wheel drive,,119,10.7,,76,,795,7,,,,4.8,,195/70 R15,,1795,2590,Hydraulic booster,5.6,,,,Disc,Disc
75418,Mercedes-Benz,T1,T1 Bus (601),208D 2.3,Minibus,4835,1933,2335,3000,,,,2299,82,,,Disel,,4,,Diesel fuel,,,,,,,,,5,Rear wheel drive,,119,10.7,,76,,795,7,,,,4.8,,195/70 R15,,1795,2590,Hydraulic booster,5.6,,,,,
75419,Mercedes-Benz,T1,T1 Bus (601),209 D 2.9,Minibus,,,,,,,,2874,95,,,Disel,,5,,Diesel fuel,,,,,,,,2,,,,,,,,,,,,,,,,,,,,,,,,,,
75420,Mercedes-Benz,T1,T1 Bus (601),210 2.3,,,,,,,,,2298,95,,,,,4,,92 RON,,,,,,,,,,,,,,,,,,,,,,,,,,,,,,,,,,
75421,Mercedes-Benz,T1,T1 Bus (601),210 2.3,,,,,,,,,2298,105,,,,,4,,95 RON,,,,,,,,,,,,,,,,,,,,,,,,,,,,,,,,,,
75422,Mercedes-Benz,T1,T1 Bus (601),210 D 2.8,Minibus,4890,1922,2570,3000,,,,2874,98,,,Disel,,5,,Diesel fuel,,,,,,,,,5,Rear wheel drive,,120,9.8,,76,,1000,,,,,,,185/75 R14,,1800,2800,Hydraulic booster,,,,,Disc,Disc
75411,Mercedes-Benz,T1,T1 Bus (602),308 D 2.3,Minibus,4890,1922,2350,3000,,,,2299,79,,,Disel,,4,,Diesel fuel,,,,,,,,,5,Rear wheel drive,,,,,,,,,,,,,,,,,,Hydraulic booster,,,,,Disc,Disc
75412,Mercedes-Benz,T1,T1 Bus (602),308 D 2.3,Minibus,4835,1933,2335,3000,,,,2299,82,,,Disel,,4,,Diesel fuel,,,,,,,,,,,,,,,76,,,,,,,,,195/70R15,,,,,,,,,Disc,Disc
75413,Mercedes-Benz,T1,T1 Bus (602),310 D 2.9,Minibus,4890,1922,2570,3000,,,,2874,95,,,Disel,,5,,Diesel fuel,,,,,,,,2,,,,,,,,,,,,,,,,,,,,Hydraulic booster,,,,,,
75414,Mercedes-Benz,T1,T1 Bus (602),310 D 2.9,Minibus,5640,1933,2570,3550,,,,2874,98,,,Disel,,5,,Diesel fuel,,,,,,,,,5,Rear wheel drive,,,,,,,,,,,,,,,,,,Hydraulic booster,,,,,Disc,Disc
75438,Mercedes-Benz,T1,T1 truck/chassis (601),207 D 2.4,Chassis,,,,,,,,2399,72,,,Disel,,4,,Diesel fuel,,,,,,,,,,,,,,,,,,,,,,,,,,,,,,,,,,
75439,Mercedes-Benz,T1,T1 truck/chassis (601),208 D 2.3,,,,,,,,,2299,79,,,Disel,,4,,Diesel fuel,,,,,,,,,,,,,,,,,,,,,,,,,,,,,,,,,,
75440,Mercedes-Benz,T1,T1 truck/chassis (601),209 D 2.9,,,,,,,,,2998,88,,,Disel,,5,,Diesel fuel,,,,,,,,,,,,,,,,,,,,,,,,,,,,,,,,,,
75441,Mercedes-Benz,T1,T1 truck/chassis (601),210 2.3,Chassis,,,,,,,,2298,95,,,,,4,,92 RON,,,,,,,,,,,,,,,,,,,,,,,,,,,,,,,,,,
75442,Mercedes-Benz,T1,T1 truck/chassis (601),210 D 2.8,,,,,,,,,2874,98,,,Disel,,5,,Diesel fuel,,,,,,,,,,,,,,,,,,,,,,,,,,,,,,,,,,
75443,Mercedes-Benz,T1,T1 truck/chassis (601),210 D 2.9,,,,,,,,,2874,95,,,Disel,,5,,Diesel fuel,,,,,,,,2,,,,,,,,,,,,,,,,,,,,,,,,,,
75427,Mercedes-Benz,T1,T1 truck/chassis (602),307 D 2.4,,,,,,,,,2399,72,,,Disel,,4,,Diesel fuel,,,,,,,,,,,,,,,,,,,,,,,,,,,,,,,,,,
75428,Mercedes-Benz,T1,T1 truck/chassis (602),307 D 2.4,,,,,,,,,2399,72,,,Disel,,4,,Diesel fuel,,,,,,,,,,,,,,,,,,,,,,,,,,,,,,,,,,
75429,Mercedes-Benz,T1,T1 truck/chassis (602),308 D 2.3,,4890,1922,2350,3000,,,,2299,82,,,Disel,,4,,Diesel fuel,,,,,,,,,5,Rear wheel drive,,,,,,,,,,,,,,,,,,Hydraulic booster,,,,,Disc,Disc
75430,Mercedes-Benz,T1,T1 truck/chassis (602),309 D 3.0,Chassis,,,,,,,,2998,88,,,Disel,,5,,Diesel fuel,,,,,,,,,,,,,,,,,,,,,,,,,,,,,,,,,,
75431,Mercedes-Benz,T1,T1 truck/chassis (602),310 D 2.9,,,,,,,,,2874,98,,,Disel,,5,,Diesel fuel,,,,,,,,,,,,,,,,,,,,,,,,,,,,,,,,,,
75432,Mercedes-Benz,T1,T1 Van (601),207 D 2.4,Delivery vans,,,,,,,,2399,72,,,Disel,,4,,Diesel fuel,,,,,,,,,,,,,,,,,,,,,,,,,,,,,,,,,,
75433,Mercedes-Benz,T1,T1 Van (601),208 D 2.3,Delivery vans,4835,1933,2335,3000,,,,2299,82,,,Disel,,4,,Diesel fuel,,,,,,,,,5,Rear wheel drive,,,,,,,,,,,,,,195/70 R15,,,,Hydraulic booster,,,,,,
75434,Mercedes-Benz,T1,T1 Van (601),209 D 2.9,Delivery vans,,,,,,,,2998,88,,,Disel,,5,,Diesel fuel,,,,,,,,,,,,,,,,,,,,,,,,,,,,,,,,,,
75435,Mercedes-Benz,T1,T1 Van (601),210 2.3,Delivery vans,,,,,,,,2298,95,,,,,4,,92 RON,,,,,,,,,,,,,,,,,,,,,,,,,,,,,,,,,,
75436,Mercedes-Benz,T1,T1 Van (601),210 2.3,Delivery vans,,,,,,,,2298,105,,,,,4,,95 RON,,,,,,,,,,,,,,,,,,,,,,,,,,,,,,,,,,
75437,Mercedes-Benz,T1,T1 Van (601),210 D 2.8,Delivery vans,4890,1922,2570,3000,,,,2874,95,,,Disel,,5,,Diesel fuel,,,,,,,,2,5,Rear wheel drive,,120,9.8,,76,,,,,,,,,195/70 R15,,,,Hydraulic booster,,,,,Disc,Disc
75423,Mercedes-Benz,T1,T1van (602),307 D 2.4,Delivery vans,,,,,,,,2399,72,,,Disel,,4,,Diesel fuel,,,,,,,,,,,,,,,,,,,,,,,,,,,,,,,,,,
75424,Mercedes-Benz,T1,T1van (602),308 D 2.3,Delivery vans,4890,1922,2350,3000,,,,2299,79,,,Disel,,4,,Diesel fuel,,,,,,,,,5,Rear wheel drive,,,,,,,,,,,,,,,,,,Hydraulic booster,,,,,Disc,Disc
75425,Mercedes-Benz,T1,T1van (602),309 D 3.0,Delivery vans,,,,,,,,2998,88,,,Disel,,5,,Diesel fuel,,,,,,,,,,,,,,,,,,,,,,,,,,,,,,,,,,
75426,Mercedes-Benz,T1,T1van (602),310 D 2.9,Delivery vans,,,,,,,,2874,95,,,Disel,,5,,Diesel fuel,,,,,,,,2,,,,,,,,,,,,,,,,,,,,,,,,,,
108291,Mercedes-Benz,T2,T2,609D,,,,,,,,,,,,,,,,,,,,,,,,,,,,,,,,,,,,,,,,,,,,,,,,,,,
74484,Mercedes-Benz,V-class,V-Classe (638/2),V 200 CDI (102 Hp),Minibus,4660,1880,1844,3000,,1620,1630,,,,,,,,,,,,,,,,,,5,Front wheel drive,4,155,8.1,20.6,78,,,7,,,,,,195/70 R15,,2010,2700,Hydraulic booster,9.9,Gear-rack,spring,spring,Disc,Disc
74485,Mercedes-Benz,V-class,V-Classe (638/2),V 220 CDI (122 Hp),Minibus,4660,1880,1844,3000,,1620,1630,2148,122,1800,300,0,inline,4,19,Diesel fuel,turbine,3800,1800,,,,,4,5,Front wheel drive,4,164,,17.5,78,,,7,,,,,,195/70 R15,,2010,2700,Hydraulic booster,9.9,Gear-rack,spring,spring,Disc,Disc
74486,Mercedes-Benz,V-class,V-Classe (638/2),V 230 (638.234) (143 Hp),Minibus,4660,1880,1844,3000,,1620,1630,2295,143,3500,215,0,inline,4,10.4,95 RON,,5000,3500,,,,,4,5,Front wheel drive,4,174,11.5,15.1,78,,,7,,,,,,195/70 R15,,1971,2700,Hydraulic booster,9.9,Gear-rack,spring,spring,Disc,Disc
74487,Mercedes-Benz,V-class,V-Classe (638/2),V 280 (638.244) (174 Hp),Minibus,4660,1880,1844,3000,,1620,1630,2792,174,2800,237,0,V-type,6,10.1,95 RON,,6000,2800,,,,,2,,Front wheel drive,4,187,13.8,12.7,78,,,7,,,,,,215/60 R16,,2031,2700,Hydraulic booster,9.9,Gear-rack,spring,spring,Disc,Disc
74423,Mercedes-Benz,Vario,Vario Bus,612 D,Minibus,,,,,,3150,,2148,150,1800,330,0,inline,,18,Diesel fuel,turbine,3800,1800,,,,,4,5,Rear wheel drive,,,,,,,,19,,,,,,,,,,,,,,,,
74424,Mercedes-Benz,Vario,Vario Bus,614 D,Minibus,6330,2205,2680,3700,,,,4249,136,1200,520,,inline,4,,Diesel fuel,With intercooling,2200,1200,,,,EURO III,3,5,,,,,,70,,,25,,,,,,215/75R16C,,,5990,,,,,,,
74417,Mercedes-Benz,Vario,Vario Truck/Chassis,614 D,Chassis,,,,3150,,,,4249,136,1200,520,,inline,4,,Diesel fuel,With intercooling,2200,1200,,,,EURO III,3,,,,,,,,,,3,,,,,,,,,5990,,,,,,Disc,Disc
74418,Mercedes-Benz,Vario,Vario Truck/Chassis,615 D,Chassis,,,,3700,,,,4249,150,1200,580,Disel,inline,4,,Diesel fuel,turbine,2200,1200,,,,,3,,,,,,,,,,,,,,,,,,,5990,,,,,,,
74419,Mercedes-Benz,Vario,Vario Truck/Chassis,618 D,Chassis,,,,4250,,,,,,,,,,,,,,,,,,,,,,,,,,,,,,,,,,,,,,,5990,,,,,,,
74420,Mercedes-Benz,Vario,Vario Truck/Chassis,814 D,,,,,3150,,,,4249,136,1200,520,,inline,4,,Diesel fuel,With intercooling,2200,1200,,,,EURO III,3,,,,,,,,,,,,,,,,"205/75R17,5",,,7490,,,,,,,
74421,Mercedes-Benz,Vario,Vario Truck/Chassis,815 D,,,,,3700,,,,4249,150,1200,580,Disel,inline,4,,Diesel fuel,turbine,2200,1200,,,,,3,,,,,,,,,,,,,,,,,,,7490,,,,,,,
74422,Mercedes-Benz,Vario,Vario Truck/Chassis,818 D,,,,,4250,,,,,,,,,,,,,,,,,,,,,6,,,,,,,,,3,,,,,,,,,7490,,,,,,,
74406,Mercedes-Benz,Vario,Vario Van,512 D,Delivery vans,5450,2205,2680,3150,,,,4249,136,1200,520,,inline,4,,Diesel fuel,With intercooling,2200,1200,,,,EURO III,3,,,,,,,70,,2500,3,,,,,,215/75R16,,,5990,,,,spring,spring,Disc,Disc
74407,Mercedes-Benz,Vario,Vario Van,614 D,Delivery vans,5450,2205,2680,3150,,,,4249,136,1200,520,,inline,4,,Diesel fuel,With intercooling,2200,1200,,,,EURO III,3,,,,,,,70,,2500,3,,,,,,215/75R16,,,5990,,,,spring,spring,Disc,Disc
74408,Mercedes-Benz,Vario,Vario Van,615 D,Delivery vans,5450,2205,2680,3150,,,,4249,136,1200,520,,inline,4,,Diesel fuel,With intercooling,2200,1200,,,,EURO III,3,,,,,,,70,,2500,3,,,,,,,,,5990,,,,,,Disc,Disc
74409,Mercedes-Benz,Vario,Vario Van,618 D,Delivery vans,,,,3150,,,,,,,,,,,,,,,,,,,,,,,,,,,,,2500,3,,,,,,,,,5990,,,,,,Disc,Disc
74410,Mercedes-Benz,Vario,Vario Van,711D,Delivery vans,,,,3700,,,,,,,,,,,,,,,,,,,,,5,Rear wheel drive,,,,,,,3000,,,,,,,,,,,,,,,,,
74411,Mercedes-Benz,Vario,Vario Van,812 D,Delivery vans,,,,3700,,,,,,,,,,,,,,,,,,,,,5,,,,,,,,2660,,2980,1870,1750,,,,,,,,,,,,,
74412,Mercedes-Benz,Vario,Vario Van,814 D,Delivery vans,6330,2206,2700,3700,,,,4249,136,1200,520,,inline,4,,Diesel fuel,With intercooling,2200,1200,,,,EURO III,3,6,,,,,,70,,3900,3,,,,,,,,,6990,,,,,,Disc,Disc
74413,Mercedes-Benz,Vario,Vario Van,814 DA,Delivery vans,6330,2180,2775,3700,,,,4249,136,1200,520,,inline,4,,Diesel fuel,With intercooling,2200,1200,,,,EURO III,3,,,,,,,70,,,3,,,,,,,,,6990,,,,,,Disc,Disc
74414,Mercedes-Benz,Vario,Vario Van,815 D,Delivery vans,7210,2206,2850,4250,,,,4249,150,1200,580,Disel,inline,4,,Diesel fuel,turbine,2200,1200,,,,,3,6,,,,,,70,,3900,3,,,,,,,,,6990,,,,,,Disc,Disc
74415,Mercedes-Benz,Vario,Vario Van,815 DA,Delivery vans,6330,2180,2775,3700,,,,4249,136,1200,520,,inline,4,,Diesel fuel,With intercooling,2200,1200,,,,EURO III,3,,,,,,,70,,,3,,,,,,,,,6990,,,,,,,
74416,Mercedes-Benz,Vario,Vario Van,818 D,,,,,3150,,,,,,,,,,,,,,,,,,,,,6,,,,,,,,3900,3,,,,,,,,,7490,,,,,,Disc,Disc
74488,Mercedes-Benz,Viano,Viano,2.0 CDI (109 Hp),Minibus,4750 mm,1900 mm,1875 mm,3200,,1630/ 1630,,2148,109,1600,270,0,inline,,18,Diesel fuel,turbine,3800,1600,,,,,4,5,Permanent all-wheel drive,,157 (155) km/h,8.9,"16,2 (15,2) c,",75,,,5,,,,,"6,5J x 16",205/65 R16,,2010 kg,2940 kg,Hydraulic booster,9.9,Gear-rack,Pneumatic,spring,Disc,Disc
74489,Mercedes-Benz,Viano,Viano,2.0 EL CDI (109 Hp),Minibus,5223,1901,1872,3430,,1630,1630,2148,109,1600,290,Disel,inline,4,18,Diesel fuel,turbine,3800,1600,,,,,4,6,Rear wheel drive,,160,9.6,17.6,75,,,8,,,,,,205/65R16,,2090,2940,Hydraulic booster,,,"Independent, spring","Independent, spring",Disc,Disc
74490,Mercedes-Benz,Viano,Viano,2.0 L CDI (109 Hp),Minibus,4993,1901,1875,3200,,1630,1630,2148,109,1600,290,Disel,inline,4,18,Diesel fuel,turbine,3800,1600,,,,,4,,Rear wheel drive,5,158,9.5,17.3,75,,,8,,,,,,205/65R16,,2095,2770,Hydraulic booster,,,"Independent, spring","Independent, spring",Disc,Disc
74491,Mercedes-Benz,Viano,Viano,2.2 CDI (150 Hp),Minibus,4750 mm,1900 mm,1875 mm,3200,,1630/ 1630,,2148,150,1800,330,0,inline,,18,Diesel fuel,turbine,3800,1800,,,,,4,5,Permanent all-wheel drive,,174 km/h,"8,6 (8,8)","13 (11,1) c,",75,,,5,,,,,"6,5J x 16",205/65 R16,,2010 kg,2940 kg,Hydraulic booster,9.9,Gear-rack,Pneumatic,spring,Disc,Disc
74492,Mercedes-Benz,Viano,Viano,2.2 EL CDI (150 Hp),Minibus,5223,1901,1872,3430,,1630,1630,2148,150,1800,330,Disel,inline,4,18,Diesel fuel,turbine,3800,1800,,,,,4,6,Rear wheel drive,,180,9.6,14.9,75,,,8,,,,,,205/65R16,,2090,2940,Hydraulic booster,,,,"Independent, spring",Disc,Disc
74493,Mercedes-Benz,Viano,Viano,2.2 L CDI (150 Hp),Minibus,4993,1901,1875,3200,,1630,1630,2148,150,1800,330,Disel,inline,4,18,Diesel fuel,turbine,3800,1800,,,,,4,,Rear wheel drive,5,179,9.5,13,75,,,8,,,,,,205/65R16,,2095,2770,Hydraulic booster,,,"Independent, spring","Independent, spring",Disc,Disc
74494,Mercedes-Benz,Viano,Viano,3.0 CDI (204 Hp),Minibus,4748,1901,1875,3200,,1630,1630,2987,204,1800,440,Disel,V-type,6,18,Diesel fuel,turbine,3800,1800,,,,,4,,Rear wheel drive,5,198,9.7,9.2,75,,,8,,,,,,205/65R16,,2040,2770,Hydraulic booster,,,"Independent, spring","Independent, spring",Disc,Disc
74495,Mercedes-Benz,Viano,Viano,3.0 EL CDI (204 Hp),Minibus,5223,1901,1872,3430,,1630,1630,2987,204,1800,440,Disel,V-type,6,18,Diesel fuel,turbine,3800,1800,,,,,4,,Rear wheel drive,5,198,9.7,9.2,75,,,8,,,,,,205/65R16,,2090,2770,Hydraulic booster,,,"Independent, spring","Independent, spring",Disc,Disc
74496,Mercedes-Benz,Viano,Viano,3.0 i V6 18V (190 Hp),Minibus,4750 mm,1900 mm,1875 mm,3200,,1630/ 1630,,3199,190,2750,270,0,V-type,,10,95 RON,-,5600,2750,,,,,3,5,Permanent all-wheel drive,,181 km/h,12.5,"9,6 c,",75,,,5,,,,,"6,5J x 16",205/65 R16,,2030 kg,2940 kg,Hydraulic booster,9.9,Gear-rack,Pneumatic,spring,Disc,Disc
74497,Mercedes-Benz,Viano,Viano,3.0 i V6 18V (218 Hp),Minibus,4750 mm,1900 mm,1875 mm,3200,,1630/ 1630,,3199,218,2800,305,0,V-type,,10,95 RON,-,5500,2800,,,,,3,5,Permanent all-wheel drive,,191 km/h,12.5,"8,2 c,",75,,,5,,,,,"6,5J x 16",205/65 R16,,2030 kg,2940 kg,Hydraulic booster,9.9,Gear-rack,Pneumatic,spring,Disc,Disc
74498,Mercedes-Benz,Viano,Viano,3.0 i V6 18V EL (190 Hp),Minibus,5223,1901,1872,3430,,1630,1630,3199,190,2750,270,Gasoline,V-type,6,10,,,5600,2750,,,,,3,,Rear wheel drive,5,181,13.5,12.5,75,,,8,,,,,,205/65R16,,2110,2940,Hydraulic booster,,,"Independent, spring","Independent, spring",Disc,Disc
74499,Mercedes-Benz,Viano,Viano,3.0 i V6 18V L (190 Hp),,,,,,,,,3199,190,2750,270,Gasoline,V-type,6,10,,,5600,2750,,,,,3,,,,,,,,,,,,,,,,,,,,,,,,,,
74500,Mercedes-Benz,Viano,Viano,3.0 L CDI (204 Hp),Minibus,4993,1901,1875,3200,,1630,1630,2987,204,1800,440,Disel,V-type,6,18,Diesel fuel,turbine,3800,1800,,,,,4,,Rear wheel drive,5,198,9.7,9.2,75,,,8,,,,,,205/65R16,,2095,2770,Hydraulic booster,,,"Independent, spring","Independent, spring",Disc,Disc
74501,Mercedes-Benz,Viano,Viano,3.2 V6 (218 Hp),Minibus,5223,1901,1872,3430,,1630,1630,3199,218,2750,305,Gasoline,V-type,6,,95 RON,,5600,2750,,,,,3,,Four wheel drive (4WD),5,199,14,10,75,,,8,,,,,,225/60 R16,,2110,2940,Hydraulic booster,,,"Independent, spring","Independent, spring",ventilated disc,Disc
74502,Mercedes-Benz,Viano,Viano,3.5 i V6 18V (231 Hp),Minibus,4748,1901,1875,3200,,1630,1630,3724,231,2500,345,Gasoline,V-type,6,10,,,5600,2500,,,,,3,,Rear wheel drive,5,199,14,10,75,,,8,,,,,,225/55R17,,2085,2770,Hydraulic booster,,,"Independent, spring","Independent, spring",Disc,Disc
74503,Mercedes-Benz,Viano,Viano,3.5 i V6 18V EL (231 Hp),Minibus,5223,1901,1872,3430,,1630,1630,3724,231,2500,345,Gasoline,V-type,6,10,,,5600,2500,,,,,3,,Rear wheel drive,5,199,14,10,75,,,8,,,,,,225/55R17,,2135,2940,Hydraulic booster,,,"Independent, spring","Independent, spring",Disc,Disc
74504,Mercedes-Benz,Viano,Viano,3.5 i V6 18V L (231 Hp),Minibus,4993,1901,1875,3200,,1630,1630,3724,231,2500,345,Gasoline,V-type,6,10,,,5600,2500,,,,,3,,Rear wheel drive,5,199,14,10,75,,,8,,,,,,225/55R17,,2110,2940,Hydraulic booster,,,"Independent, spring","Independent, spring",Disc,Disc
74385,Mercedes-Benz,Vito,Vito Bus,108 CDI,Minibus,4748,1901,1902,3200,,,,,,,,,,,,,,,,,,,,,5,Rear wheel drive,,,,,,,,9,,,,,195/70 R15,,,,,Hydraulic booster,,Gear-rack,"Independent, spring","Independent, spring",ventilated disc,Disc
74386,Mercedes-Benz,Vito,Vito Bus,109 CDI,Minibus,4748,1901,1902,3200,,,,2148,88,1600,220,Disel,inline,4,,Diesel fuel,,3800,1600,,,OM 646 DELA,,4,6,Rear wheel drive,,146,9.6,19.4,75,,1150,9,,,,,,205/65R16C,,1850,3000,,11.8,,"Independent, spring","Independent, spring",ventilated disc,Disc
74387,Mercedes-Benz,Vito,Vito Bus,111 CDI,Minibus,4748,1901,1902,3200,,,,2148,88,1600,220,Disel,inline,4,,Diesel fuel,,3800,1600,,,OM 646 DELA,,4,6,Rear wheel drive,,157,8.9,16.2,75,,1150,9,,,,,,205/65R16C,,1850,3000,,11.8,,,,,
74388,Mercedes-Benz,Vito,Vito Bus,112 CDI,Minibus,4748,1901,1902,3200,,,,2151,122,1800,300,Disel,inline,4,,Diesel fuel,turbine,3800,1800,,,,,4,5,Rear wheel drive,4,164,,,78,,,9,,,,,195/70 R15,,,1700,2700,Hydraulic booster,,Gear-rack,"Independent, spring","Independent, spring",ventilated disc,Disc
74389,Mercedes-Benz,Vito,Vito Bus,113 CDI,Minibus,4763,1901,1875,3200,,,,2143,136,2600,310,Disel,inline,4,,Diesel fuel,turbine,3800,2600,,,,,,6,Rear wheel drive,5,,7.3,,,,,9,,,,,,,,,3050,,,,,,,
74390,Mercedes-Benz,Vito,Vito Bus,113 CDI 4Matic,Minibus,4763,1901,1875,3200,,,,2143,136,2600,310,Disel,inline,4,,Diesel fuel,turbine,3800,2600,,,,,,,Permanent all-wheel drive,5,,8.7,,,,,9,,,,,,,,,3050,,,,,,,
74391,Mercedes-Benz,Vito,Vito Bus,115 CDI,Minibus,4748,1901,1902,320,,,,2148,150,1800,330,Disel,inline,4,18,Diesel fuel,turbine,3800,1800,,,,,4,6,Rear wheel drive,,176,8.6,12.1,75,,1150,9,,,,,,205/65R16C,,1850,3000,,11.8,,,,Disc,ventilated disc
74392,Mercedes-Benz,Vito,Vito Bus,115 CDI 4Matic,Minibus,4763,1901,1875,3200,,,,2148,150,1800,330,0,inline,,18,Diesel fuel,turbine,3800,1800,,,,,4,,Permanent all-wheel drive,5,,10.2,,,,850,9,,,,,,,,,3050,,12.5,,"Independent, spring","Independent, MacPherson type on the lower triangular levers",ventilated disc,Disc
74393,Mercedes-Benz,Vito,Vito Bus,119,Minibus,,,,,,,,3199,190,2750-4750,270,,V-type,6,,95 RON,,5600,2750-4750,,,M 112 E32,,3,,Rear wheel drive,5,183,12.5,8.5,75,,1150,9,,,,,,205/65R16C,,1850,3000,,11.8,,,,ventilated disc,Disc
74394,Mercedes-Benz,Vito,Vito Bus,120 CDI,Minibus,4993,1901,1875,3200,,,,2987,204,2400,440,Disel,V-type,6,,Diesel fuel,turbine,3800,2400,,,Vito 120CDI,,4,6,Rear wheel drive,,176,9.2,12.1,75,,1150,9,,,,,,205/65R16C,,1850,3000,Hydraulic booster,11.8,,Coil spring,"Independent, MacPherson type on the lower triangular levers",ventilated disc,Disc
74395,Mercedes-Benz,Vito,Vito Bus,122,Minibus,4993,1901,1903,,,,,3199,218,2800-4750,305,,V-type,6,,95 RON,,5600,2800-4750,,,M 112 E37,,3,,Rear wheel drive,4,194,12.5,7.3,75,,1150,9,,,,,,225/60R16C,,1850,3000,,11.8,,Coil spring,"Independent, spring",ventilated disc,Disc
74396,Mercedes-Benz,Vito,Vito Bus,2.0 (130 Hp),Minibus,4748,1901,1902,3200,,,,1998,130,,,Gasoline,inline,4,,92 RON,,,,,,"M 111,948",,4,,Rear wheel drive,,,,,,,,,,,,,,,,,,Hydraulic booster,,Gear-rack,"Independent, spring","Independent, spring",ventilated disc,Disc
74397,Mercedes-Benz,Vito,Vito Van,108 CDI,Delivery vans,4848,1901,1902,3200,,,,2299,82,,,Disel,,4,,Diesel fuel,,,,,,,,,,Rear wheel drive,,,,,,,,,,,,,,,,,,Hydraulic booster,,Gear-rack,"Independent, spring","Independent, spring",ventilated disc,Disc
74398,Mercedes-Benz,Vito,Vito Van,109 CDI,Delivery vans,,,,,,,,2148,88,1600,220,Disel,inline,4,,Diesel fuel,,3800,1600,,,OM 646 DELA,,4,6,,,146,9.6,19.4,75,,1150,,,,,4.65,,205/65R16C,,1850,3000,,,,,,,
74399,Mercedes-Benz,Vito,Vito Van,111 CDI,Delivery vans,,,,,,,,2148,88,1600,220,Disel,inline,4,,Diesel fuel,,3800,1600,,,OM 646 DELA,,4,,,5,146,9.6,19.4,75,,1150,,,,,5.19,,205/65R16C,,1850,3000,,11.8,,,,,
74400,Mercedes-Benz,Vito,Vito Van,113 CDI,Delivery vans,4763,1901,1902,3200,,,,2143,136,2600,310,Disel,inline,4,,Diesel fuel,turbine,3800,2600,,,,,,6,Rear wheel drive,5,,8.7,,,,,3,,,,,,195/65 R16,,,2800,,,,,,,
74401,Mercedes-Benz,Vito,Vito Van,113 CDI 4Matic,Delivery vans,4763,1901,1902,3200,,,,2143,136,2600,310,Disel,inline,4,,Diesel fuel,turbine,3800,2600,,,,,,,Permanent all-wheel drive,5,,8.7,,,,,3,,,,,,,,,2800,,,,,,,
74402,Mercedes-Benz,Vito,Vito Van,115 CDI,Delivery vans,,,,,,,,2148,150,1800,330,Disel,inline,4,18,Diesel fuel,turbine,3800,1800,,,,,4,,,5,176,8.6,12.1,75,,1150,,,,,5.68,,205/65R16C,,1850,3000,,11.8,,,,,
74403,Mercedes-Benz,Vito,Vito Van,119,Delivery vans,,,,,,,,3199,190,2750-4750,270,,V-type,6,,95 RON,,5600,2750-4750,,,M 112 E32,,3,,,5,183,12.5,8.5,75,,1150,,,,,5.19,,205/65R16C,,1850,3000,,,,,,,
74404,Mercedes-Benz,Vito,Vito Van,122,Delivery vans,,,,,,,,3199,218,2800-4750,305,,V-type,6,,95 RON,,5600,2800-4750,,,M 112 E37,,3,,,5,194,12.5,7.3,75,,1150,,,,,5.68,,225/60R16C,,1850,3000,,11.8,,,,,
74405,Mercedes-Benz,Vito,Vito Van,2.0 (130 Hp),Minibus,4848,1901,1902,3200,,,,1998,130,,,Gasoline,inline,4,,92 RON,,,,,,"M 111,948",,4,,Rear wheel drive,,,,,,,,,,,,,,,,,,Hydraulic booster,,Gear-rack,"Independent, spring","Independent, spring",ventilated disc,Disc
75864,YueJin,1020,NJ 1020DF,2.0 D (63Hp),Chassis,5030,1960,2110,2600,,1503,1420,2088,63,,,,inline,4,,Diesel fuel,,,,,,YZ485ZLQ,EURO I,,,Rear wheel drive,,105,,,55,,935,2,3360,1810,,,,195/70R15C,,1440,2375,,14,,Spring,Spring,drum,drum
75863,YueJin,1041,NJ 1041DBZ,3.3TD (95Hp),,5960,1960,2200,3380,180,,,3298,95,,245,Disel,inline,4,,Diesel fuel,With intercooling,,,,,4100QBZL Q,,,,,,95,,,160,,1400,,4210,1810,,,,,,2100,3500,,,,,,,
75862,YueJin,1041,NJ 1041DBZW,3.3 TD (95 Hp),Chassis,5960,1960,2200,3380,,1440,1420,3298,95,,245,Disel,inline,4,,Diesel fuel,With intercooling,,,,,4100QBZL Q,,,,Rear wheel drive,,95,,,70,,1400,2,3210,1810,,,,175 R16C,,2100,3500,,,,Spring,Spring,drum,drum
75860,YueJin,1080,NJ1080,NJ1080DA,Chassis,7830,2490,2300,4370,,1785,1530,4087,120,1600,350,Disel,inline,4,17.5,Diesel fuel,,2800,1600,,,YZ4105ZLQ,,,,,,,13,,120,,5000,3,,,,,,"8,25 - 16",,,8380,Hydraulic booster,19,Screw - ball nut,"Dependent, on two longitudinal semi-elliptic leaf springs with hydraulic, telescopic shock absorbers",Spring,,
75861,YueJin,1080,NJ1080,NJ1080DAW,Chassis,7830,2490,2300,4370,,1785,1530,3856,120,1400-1800,345,Disel,inline,4,17.5,Diesel fuel,,2800,1400-1800,,,CY4102BZLQ,,,,,,,13,,120,,5000,3,,,,,,"8,25 - 16",,,8430,Hydraulic booster,19,Screw - ball nut,"Dependent, on two longitudinal semi-elliptic leaf springs with hydraulic, telescopic shock absorbers",Spring,,
108296,ZAZ,Lanos-Wagon,Lanos-van,"1,5i (86 Hp)",,,,,,,,,,,,,,,,,,,,,,,,,,,,,,,,,,,,,,,,,,,,,,,,,,,
74821,ZAZ,Tavria,110557,1.2 (62Hp),Pickup,3823,1554,1800,2320,156,1314,1306,1197,62,5300,95,Gasoline,inline,4,,92 RON,,,5300,,,,EURO II,2,5,Front wheel drive,,132,7.1,20.3,38,,,2,,,,,,,,760,1190,,11.4,,,,Disc,drum
74822,ZAZ,Tavria,1306,1306,Department van,,,,,,,,1197,62,5300,95,Gasoline,inline,4,,92 RON,,,5300,,,,EURO II,2,,Front wheel drive,,,,,,,,2,,,,,,,,,,,,,,,,
174003,Zuk,A06,A06,2.12l (70Hp),,4340,1820,2100,2700,,,,2120,70,2500,147,Gasoline,inline,4,,80 RON,,4000,2500,,,,,2,,,,,,,55,,975,,,,,,,,,,,,,,Spring,"Independent, spring",,
